,open,close,high,low,volume,money
2018-01-02,13.01,13.35,13.58,12.98,213573248.0,2856543822.18
2018-01-03,13.38,12.99,13.51,12.87,303954971.0,4006220766.94
2018-01-04,12.98,12.91,13.03,12.8,190274323.0,2454543516.41
2018-01-05,12.88,12.96,13.01,12.82,124179162.0,1603289517.93
2018-01-08,12.91,12.63,12.95,12.53,221476417.0,2806099169.66
2018-01-09,12.63,12.75,12.87,12.59,137931003.0,1754315792.47
2018-01-10,12.71,13.13,13.15,12.59,246578396.0,3196055830.91
2018-01-11,13.07,13.06,13.25,12.93,148143149.0,1937494294.07
2018-01-12,13.11,13.21,13.33,13.07,138920723.0,1833435672.07
2018-01-15,13.17,13.84,13.97,13.16,320360453.0,4376707088.52
2018-01-16,13.81,13.84,14.02,13.66,250812903.0,3479177087.3
2018-01-17,13.97,13.87,14.42,13.84,272538130.0,3849312882.21
2018-01-18,14.03,14.35,14.35,13.92,220389462.0,3120455742.35
2018-01-19,14.42,14.42,14.75,14.31,263801939.0,3832857440.3
2018-01-22,14.23,14.07,14.56,14.06,212780615.0,3032799070.35
2018-01-23,14.0,14.28,14.52,13.97,245092155.0,3492462005.57
2018-01-24,14.29,14.27,14.7,14.13,265868878.0,3838734922.63
2018-01-25,14.08,13.84,14.1,13.65,243162528.0,3360822344.56
2018-01-26,13.82,13.69,13.98,13.66,208586445.0,2885104627.01
2018-01-29,13.69,13.39,13.89,13.26,214491950.0,2911452095.24
2018-01-30,13.35,13.3,13.49,13.21,112321284.0,1497708872.63
2018-01-31,13.26,13.69,13.69,13.19,179318565.0,2423104767.05
2018-02-01,13.6,13.67,13.94,13.49,205777859.0,2821583609.23
2018-02-02,13.56,13.69,13.74,13.28,120711251.0,1637619618.32
2018-02-05,13.45,14.18,14.2,13.38,239265060.0,3326355314.78
2018-02-06,13.87,13.65,13.97,13.58,265004970.0,3641294710.26
2018-02-07,13.86,12.59,13.94,12.44,343273539.0,4521586590.19
2018-02-08,12.5,12.22,12.59,12.21,219341728.0,2711464886.05
2018-02-09,11.77,11.39,11.77,11.09,289842359.0,3308553501.52
2018-02-12,11.48,11.42,11.54,11.27,126074172.0,1439644312.04
2018-02-13,11.57,11.64,11.9,11.54,133194289.0,1562420005.24
2018-02-14,11.66,11.7,11.73,11.46,88666688.0,1030474410.44
2018-02-22,11.94,12.14,12.21,11.94,130139592.0,1573562575.57
2018-02-23,12.26,12.29,12.47,12.13,104002747.0,1278185721.74
2018-02-26,12.45,12.31,12.52,12.13,107295778.0,1318960463.96
2018-02-27,12.32,11.97,12.38,11.88,131931310.0,1590018492.14
2018-02-28,11.79,11.74,11.88,11.63,124572418.0,1463313702.75
2018-03-01,11.62,11.73,11.84,11.6,91002596.0,1069354491.03
2018-03-02,11.62,11.65,11.73,11.55,68037129.0,791736473.27
2018-03-05,11.63,11.56,11.77,11.5,77379860.0,897244265.05
2018-03-06,11.65,11.79,11.8,11.47,118007695.0,1373438382.66
2018-03-07,11.84,11.74,12.03,11.73,146469986.0,1744085270.04
2018-03-08,11.74,11.8,11.84,11.65,70769480.0,832153697.14
2018-03-09,11.84,11.78,11.89,11.68,96842617.0,1139043574.63
2018-03-12,11.84,11.73,11.86,11.65,130169885.0,1526643478.92
2018-03-13,11.73,11.72,11.91,11.7,111041590.0,1309543466.56
2018-03-14,11.68,11.62,11.7,11.53,65212523.0,757090756.43
2018-03-15,11.49,11.41,11.55,11.36,118575308.0,1356878634.17
2018-03-16,11.42,11.34,11.55,11.34,98802952.0,1130784170.87
2018-03-19,11.36,11.53,11.54,11.32,82956792.0,947664744.37
2018-03-20,11.44,11.52,11.58,11.42,79633683.0,916858475.86
2018-03-21,11.65,11.6,11.81,11.55,148269522.0,1736437401.21
2018-03-22,11.6,11.36,11.67,11.33,100987842.0,1155741055.87
2018-03-23,10.96,11.05,11.06,10.64,187317496.0,2037734400.09
2018-03-26,10.87,10.65,10.92,10.58,141958439.0,1519435011.09
2018-03-27,10.82,10.66,10.89,10.58,113264571.0,1213989931.18
2018-03-28,10.57,10.61,10.86,10.52,112760778.0,1201023442.21
2018-03-29,10.64,10.77,10.89,10.28,136520989.0,1445281829.86
2018-03-30,10.76,10.62,10.77,10.6,77173689.0,823438180.73
2018-04-02,10.59,10.44,10.71,10.43,113816853.0,1200911980.38
2018-04-03,10.33,10.29,10.4,10.24,91391297.0,942237800.69
2018-04-04,10.41,10.59,10.73,10.33,164416770.0,1737258898.28
2018-04-09,10.53,10.74,10.82,10.46,110275002.0,1180084371.59
2018-04-10,10.74,11.13,11.17,10.69,142712789.0,1562265089.74
2018-04-11,11.1,11.53,11.62,11.09,215048434.0,2458982163.44
2018-04-12,11.5,11.23,11.53,11.13,120363995.0,1364675848.46
2018-04-13,11.34,11.28,11.49,11.16,133407420.0,1516155527.17
2018-04-16,11.18,10.82,11.18,10.75,146418941.0,1593706086.4
2018-04-17,10.84,10.93,11.16,10.83,133575249.0,1468159349.66
2018-04-18,11.16,11.21,11.32,10.99,151423045.0,1692722923.5
2018-04-19,11.23,11.18,11.39,11.13,87121682.0,979593564.6
2018-04-20,11.22,11.06,11.29,10.92,98362515.0,1090801311.42
2018-04-23,11.01,11.28,11.32,10.97,109812640.0,1228544006.32
2018-04-24,11.34,11.56,11.64,11.29,149910037.0,1725152198.09
2018-04-25,11.46,11.38,11.51,11.34,74928043.0,854713248.88
2018-04-26,11.36,11.13,11.39,11.02,89697383.0,1002483154.12
2018-04-27,11.2,10.57,11.22,10.36,278027449.0,2958464277.86
2018-05-02,10.69,10.6,10.75,10.53,122148738.0,1295804420.86
2018-05-03,10.58,10.48,10.6,10.3,131468222.0,1372765845.83
2018-05-04,10.46,10.41,10.56,10.39,72898909.0,761302468.67
2018-05-07,10.43,10.54,10.56,10.37,99965039.0,1046743101.92
2018-05-08,10.56,10.73,10.87,10.53,140902385.0,1511546681.16
2018-05-09,10.7,10.69,10.75,10.6,64398078.0,687036874.44
2018-05-10,10.75,10.73,10.81,10.63,56711193.0,607349997.23
2018-05-11,10.76,10.73,10.85,10.68,79245815.0,853271166.64
2018-05-14,10.81,10.9,10.95,10.75,106632814.0,1158064201.07
2018-05-15,10.9,10.84,10.91,10.74,68666819.0,742590447.65
2018-05-16,10.79,10.62,10.79,10.61,73294185.0,782694669.69
2018-05-17,10.63,10.55,10.66,10.51,60174845.0,635675440.98
2018-05-18,10.54,10.68,10.69,10.49,59342792.0,628250184.92
2018-05-21,10.79,10.67,10.83,10.65,78339224.0,838750577.65
2018-05-22,10.67,10.58,10.7,10.52,60521377.0,639815249.44
2018-05-23,10.55,10.38,10.55,10.35,101679153.0,1058587812.32
2018-05-24,10.39,10.34,10.41,10.31,70605010.0,730678763.88
2018-05-25,10.34,10.32,10.4,10.28,60876768.0,629735450.6
2018-05-28,10.31,10.32,10.39,10.24,58421041.0,602590746.57
2018-05-29,10.31,10.12,10.36,10.09,91262976.0,930386966.63
2018-05-30,10.03,9.82,10.03,9.8,115369267.0,1139918753.16
2018-05-31,9.85,9.92,9.93,9.77,101304054.0,999216332.96
2018-06-01,9.89,9.93,10.03,9.81,61274397.0,608398867.46
2018-06-04,9.97,10.01,10.05,9.89,60846263.0,608291978.44
2018-06-05,10.03,10.0,10.04,9.85,67361665.0,670740302.01
2018-06-06,9.99,9.88,10.0,9.84,73128108.0,724032796.29
2018-06-07,9.94,10.11,10.19,9.92,129547803.0,1306425478.09
2018-06-08,10.07,9.86,10.07,9.8,112797348.0,1114968856.53
2018-06-11,9.8,9.79,9.87,9.75,74013715.0,724687998.61
2018-06-12,9.78,9.8,9.82,9.7,93705467.0,914001701.46
2018-06-13,9.79,9.7,9.8,9.7,54438422.0,530483756.71
2018-06-14,9.7,9.81,9.89,9.67,88892591.0,872487574.28
2018-06-15,9.82,9.91,10.03,9.8,128118540.0,1273412999.36
2018-06-19,9.8,9.62,9.89,9.57,160660114.0,1565756559.87
2018-06-20,9.62,9.66,9.7,9.51,78349868.0,752950700.66
2018-06-21,9.68,9.61,9.79,9.61,86192009.0,836014838.14
2018-06-22,9.55,9.6,9.62,9.52,67492765.0,645752909.26
2018-06-25,9.66,9.22,9.67,9.14,122629877.0,1154559080.5
2018-06-26,9.15,9.12,9.2,8.86,115339503.0,1042528543.99
2018-06-27,9.07,8.86,9.16,8.8,107232569.0,958871648.21
2018-06-28,8.72,8.69,8.85,8.65,113965378.0,996801234.7
2018-06-29,8.78,8.86,8.9,8.73,69286348.0,611346088.69
2018-07-02,8.82,8.39,8.82,8.33,134973536.0,1158545868.81
2018-07-03,8.47,8.45,8.48,8.24,130799572.0,1096657033.32
2018-07-04,8.41,8.39,8.53,8.39,72964969.0,617278559.96
2018-07-05,8.4,8.38,8.51,8.33,85750620.0,722169579.0
2018-07-06,8.39,8.44,8.56,8.24,101398684.0,852071526.98
2018-07-09,8.47,8.8,8.8,8.46,144662597.0,1255007609.99
2018-07-10,8.79,8.75,8.79,8.66,92018842.0,803038965.25
2018-07-11,8.54,8.56,8.61,8.46,87343799.0,744765824.89
2018-07-12,8.51,8.79,8.88,8.49,115250652.0,1008658828.67
2018-07-13,8.83,8.79,8.85,8.73,60973434.0,535401175.45
2018-07-16,8.76,8.64,8.81,8.6,69711257.0,603427713.21
2018-07-17,8.65,8.63,8.66,8.57,37931042.0,326396994.95
2018-07-18,8.66,8.61,8.76,8.6,53068485.0,460697377.12
2018-07-19,8.66,8.64,8.72,8.6,46623259.0,403674308.23
2018-07-20,8.64,9.02,9.1,8.52,177275737.0,1576843937.1
2018-07-23,8.95,9.32,9.35,8.91,180045698.0,1646028021.04
2018-07-24,9.29,9.3,9.49,9.23,144091486.0,1348746826.83
2018-07-25,9.34,9.28,9.37,9.23,62059212.0,575752176.95
2018-07-26,9.3,9.15,9.38,9.11,84213694.0,778429753.79
2018-07-27,9.2,9.15,9.26,9.08,52055249.0,477527419.46
2018-07-30,9.22,9.29,9.39,9.16,71382720.0,661767547.55
2018-07-31,9.27,9.32,9.39,9.15,72773704.0,674484650.66
2018-08-01,9.32,9.05,9.4,9.02,82265741.0,759282229.65
2018-08-02,9.03,8.85,9.05,8.79,94121288.0,839272254.36
2018-08-03,8.84,8.82,9.01,8.82,48156667.0,428641526.2
2018-08-06,8.85,8.85,9.02,8.8,55984615.0,497906686.27
2018-08-07,8.87,9.07,9.07,8.79,69769627.0,624359656.36
2018-08-08,9.06,8.96,9.06,8.95,58505199.0,527526989.83
2018-08-09,8.95,9.19,9.25,8.93,81528262.0,746469808.09
2018-08-10,9.2,9.13,9.22,9.06,42863665.0,391366341.57
2018-08-13,9.02,8.96,9.06,8.81,82711330.0,736947790.49
2018-08-14,8.94,8.91,8.95,8.85,43477261.0,386334617.95
2018-08-15,8.93,8.7,8.93,8.66,67750545.0,594759517.14
2018-08-16,8.64,8.69,8.8,8.55,64499626.0,559523123.02
2018-08-17,8.79,8.72,8.85,8.69,65631830.0,576683267.11
2018-08-20,8.81,8.91,8.93,8.78,68849927.0,609934725.59
2018-08-21,8.93,9.13,9.16,8.92,127779474.0,1163292795.24
2018-08-22,9.14,9.19,9.24,9.03,99278317.0,909598743.27
2018-08-23,9.2,9.26,9.32,9.13,73675486.0,680941392.24
2018-08-24,9.21,9.93,10.17,9.19,307243676.0,2995071976.81
2018-08-27,9.92,10.32,10.32,9.87,224179362.0,2251527721.35
2018-08-28,10.23,10.18,10.32,10.13,130336405.0,1331917860.95
2018-08-29,10.14,10.16,10.22,10.04,91138414.0,923581546.46
2018-08-30,10.16,10.01,10.24,9.97,100539843.0,1013877514.26
2018-08-31,10.02,10.02,10.21,9.99,132467420.0,1337898869.57
2018-09-03,9.98,10.08,10.19,9.98,71919284.0,725303291.73
2018-09-04,10.09,10.32,10.44,9.97,130999805.0,1339756563.51
2018-09-05,10.19,9.95,10.22,9.95,119187780.0,1202345697.97
2018-09-06,9.95,9.87,10.03,9.85,71927558.0,713975749.02
2018-09-07,9.94,9.91,10.07,9.83,81755791.0,815151722.99
2018-09-10,9.91,9.78,9.97,9.74,64369948.0,631174169.93
2018-09-11,9.8,9.81,9.93,9.71,72047808.0,707337570.14
2018-09-12,9.77,9.78,9.87,9.72,57077920.0,558399563.21
2018-09-13,9.98,9.86,9.99,9.74,101025695.0,993389970.35
2018-09-14,9.88,9.74,9.88,9.71,62627878.0,611422480.21
2018-09-17,9.7,9.59,9.7,9.58,52252940.0,502609643.63
2018-09-18,9.63,9.97,10.01,9.6,113867747.0,1120867543.02
2018-09-19,9.93,10.13,10.23,9.93,124452219.0,1257191505.96
2018-09-20,10.16,10.12,10.25,10.08,62688325.0,636742814.23
2018-09-21,10.15,10.56,10.59,10.07,164163147.0,1707850487.8
2018-09-25,10.41,10.44,10.57,10.37,98730680.0,1030715785.16
2018-09-26,10.5,10.6,10.81,10.41,150621485.0,1600626208.76
2018-09-27,10.54,10.63,10.73,10.46,88963728.0,942200398.62
2018-09-28,10.67,10.93,11.15,10.67,213247246.0,2331358288.96
2018-10-08,10.59,10.34,10.68,10.34,170412301.0,1793455283.09
2018-10-09,10.35,10.45,10.59,10.28,107529357.0,1117946550.71
2018-10-10,10.43,10.34,10.55,10.27,100568375.0,1045666180.93
2018-10-11,9.95,9.76,10.05,9.6,201616114.0,1994186611.8
2018-10-12,9.87,10.19,10.23,9.77,153278871.0,1532651400.23
2018-10-15,10.28,10.0,10.36,9.98,141746151.0,1443043059.27
2018-10-16,10.03,10.26,10.43,10.01,141163654.0,1450020371.45
2018-10-17,10.39,10.22,10.44,10.03,136512042.0,1400306336.22
2018-10-18,10.18,9.98,10.18,9.96,101170246.0,1015654821.72
2018-10-19,9.85,10.65,10.67,9.82,210561716.0,2173571254.62
2018-10-22,10.7,11.03,11.34,10.67,267341189.0,2932714470.7
2018-10-23,11.08,10.73,11.1,10.62,161942751.0,1759265958.65
2018-10-24,10.79,10.92,11.21,10.69,184869623.0,2026171911.62
2018-10-25,10.69,11.17,11.17,10.6,170276166.0,1855823739.15
2018-10-26,11.17,11.06,11.19,10.85,131366934.0,1448843512.3
2018-10-29,11.08,10.64,11.12,10.51,160839537.0,1725932497.61
2018-10-30,10.67,10.79,10.96,10.62,151764847.0,1641371787.2
2018-10-31,10.84,10.8,10.88,10.64,116482643.0,1252156775.98
2018-11-01,10.88,10.72,10.93,10.65,155902829.0,1679443449.71
2018-11-02,10.92,10.97,11.04,10.72,223623432.0,2439179135.98
2018-11-05,10.84,10.81,10.92,10.71,130553360.0,1409457171.3
2018-11-06,10.76,10.73,10.82,10.62,74347605.0,795322638.26
2018-11-07,10.72,10.7,10.84,10.64,79387308.0,851487053.87
2018-11-08,10.77,10.78,10.86,10.71,80233993.0,864744243.04
2018-11-09,10.6,10.44,10.62,10.29,164643227.0,1716198382.75
2018-11-12,10.35,10.45,10.47,10.27,93002889.0,965756504.35
2018-11-13,10.3,10.43,10.54,10.27,108379556.0,1126736143.27
2018-11-14,10.42,10.33,10.44,10.31,78239587.0,810357748.16
2018-11-15,10.33,10.51,10.53,10.31,91095819.0,949991801.2
2018-11-16,10.5,10.46,10.61,10.38,107075459.0,1123173219.43
2018-11-19,10.46,10.74,10.77,10.46,137522299.0,1466899416.62
2018-11-20,10.64,10.46,10.69,10.41,104476864.0,1099654683.02
2018-11-21,10.39,10.5,10.56,10.37,67317479.0,705638355.22
2018-11-22,10.56,10.44,10.56,10.37,50553779.0,527103281.19
2018-11-23,10.42,10.21,10.47,10.2,70773589.0,730667665.37
2018-11-26,10.23,10.23,10.35,10.19,52201077.0,535963342.86
2018-11-27,10.24,10.07,10.28,10.05,74117470.0,752824120.3
2018-11-28,10.06,10.17,10.2,10.05,54341625.0,550820246.7
2018-11-29,10.24,10.09,10.28,10.08,49039615.0,499068827.02
2018-11-30,10.11,10.25,10.25,10.06,60098019.0,610571532.61
2018-12-03,10.48,10.48,10.55,10.36,107530662.0,1126374829.79
2018-12-04,10.46,10.48,10.51,10.42,54044690.0,565743744.88
2018-12-05,10.38,10.34,10.4,10.29,58767140.0,608133290.28
2018-12-06,10.25,10.14,10.26,10.12,58496439.0,594649682.99
2018-12-07,10.19,10.17,10.28,10.16,34380007.0,351101370.35
2018-12-10,10.11,10.06,10.16,10.02,50003141.0,504040653.97
2018-12-11,10.1,10.12,10.15,10.06,30224030.0,305389210.46
2018-12-12,10.19,10.13,10.21,10.09,37023855.0,375402863.92
2018-12-13,10.14,10.28,10.37,10.09,79917616.0,819920689.17
2018-12-14,10.23,10.06,10.24,10.05,53222325.0,539263012.14
2018-12-17,10.05,10.18,10.22,9.99,57729281.0,584679512.21
2018-12-18,10.09,10.01,10.21,9.99,54340902.0,547157562.78
2018-12-19,10.03,9.84,10.07,9.8,60430656.0,600090171.18
2018-12-20,9.82,9.61,9.87,9.53,100071668.0,964202861.12
2018-12-21,9.58,9.35,9.6,9.23,101115749.0,944460332.35
2018-12-24,9.3,9.32,9.35,9.21,51448083.0,477186904.75
2018-12-25,9.19,9.24,9.33,9.11,59279499.0,545235607.85
2018-12-26,9.25,9.2,9.32,9.17,42557699.0,393215140.97
2018-12-27,9.35,9.18,9.39,9.18,63117288.0,586343755.03
2018-12-28,9.21,9.28,9.36,9.21,58267808.0,541571004.8
2019-01-02,9.29,9.09,9.32,9.06,54506834.0,498695109.66
2019-01-03,9.08,9.18,9.23,9.05,41991532.0,384457707.88
2019-01-04,9.14,9.65,9.72,9.12,149676194.0,1422149888.16
2019-01-07,9.74,9.64,9.75,9.53,87480702.0,841166430.7
2019-01-08,9.63,9.56,9.64,9.52,40662696.0,389247795.73
2019-01-09,9.64,9.84,9.97,9.6,124648019.0,1229465116.69
2019-01-10,9.77,9.99,10.09,9.76,108310844.0,1079711035.8
2019-01-11,10.0,10.09,10.11,9.95,70370022.0,708001802.17
2019-01-14,10.11,10.0,10.14,9.97,50571538.0,507862882.18
2019-01-15,10.0,10.13,10.17,9.98,54787180.0,553027309.58
2019-01-16,10.13,10.37,10.39,10.12,98799868.0,1017495116.11
2019-01-17,10.43,10.14,10.46,10.06,89211167.0,910212066.31
2019-01-18,10.23,10.32,10.38,10.17,74657588.0,769973637.95
2019-01-21,10.23,10.23,10.36,10.21,66630157.0,684465646.24
2019-01-22,10.23,10.17,10.33,10.15,42888444.0,438991450.35
2019-01-23,10.18,10.24,10.36,10.18,54354275.0,559384396.28
2019-01-24,10.29,10.41,10.44,10.26,68639616.0,711495718.15
2019-01-25,10.45,10.89,10.92,10.44,213057183.0,2299718224.86
2019-01-28,10.92,10.83,11.02,10.77,104682232.0,1141853833.83
2019-01-29,10.85,10.89,10.95,10.66,83533902.0,904847854.07
2019-01-30,10.84,10.84,11.06,10.75,71950139.0,785204571.55
2019-01-31,10.87,10.98,11.08,10.83,84038326.0,922602874.59
2019-02-01,11.08,11.08,11.13,10.85,102495463.0,1127216186.16
2019-02-11,10.96,11.09,11.09,10.86,81038442.0,889951528.76
2019-02-12,11.08,11.07,11.19,10.92,97004910.0,1071873084.84
2019-02-13,11.07,11.26,11.29,11.0,114934702.0,1280182096.94
2019-02-14,11.18,11.13,11.21,11.07,87834139.0,977818097.62
2019-02-15,11.11,10.84,11.11,10.79,111171646.0,1213914428.9
2019-02-18,10.93,11.24,11.24,10.92,126874817.0,1408279680.09
2019-02-19,11.24,11.15,11.5,11.12,128426981.0,1445281382.9
2019-02-20,11.21,11.29,11.41,11.13,84140099.0,949430819.51
2019-02-21,11.26,11.24,11.43,11.16,76219189.0,860591070.9
2019-02-22,11.23,11.42,11.45,11.03,119652083.0,1343020336.09
2019-02-25,11.58,12.42,12.51,11.45,285469354.0,3415946860.2
2019-02-26,12.42,12.07,12.44,12.02,203879822.0,2485673356.77
2019-02-27,12.11,12.27,12.53,12.02,199986127.0,2454404411.85
2019-02-28,12.31,12.23,12.48,12.14,112482545.0,1383110810.74
2019-03-01,12.35,12.63,12.65,12.07,173072092.0,2137669556.81
2019-03-04,12.57,12.85,13.24,12.49,248271121.0,3195011702.87
2019-03-05,12.78,12.92,13.15,12.71,142325887.0,1838251656.51
2019-03-06,12.92,12.94,13.01,12.71,125888333.0,1614670974.69
2019-03-07,12.92,12.61,12.92,12.42,180082992.0,2274151007.32
2019-03-08,12.36,12.17,12.57,12.12,179689367.0,2214572416.75
2019-03-11,12.17,12.19,12.36,11.92,116984573.0,1416000379.71
2019-03-12,12.36,12.23,12.51,12.11,142666710.0,1757797250.71
2019-03-13,12.21,12.24,12.42,12.0,128279960.0,1568387543.68
2019-03-14,12.2,12.3,12.49,12.14,106860751.0,1316372926.2
2019-03-15,12.21,12.37,12.55,12.21,105641858.0,1311323009.34
2019-03-18,12.4,12.78,12.81,12.19,150211346.0,1882483633.89
2019-03-19,12.79,12.66,12.81,12.48,96727979.0,1221118294.2
2019-03-20,12.55,12.62,12.75,12.49,93979318.0,1185477058.67
2019-03-21,12.64,12.56,12.67,12.45,86920172.0,1092506482.84
2019-03-22,12.56,12.46,12.61,12.37,72101826.0,898629416.83
2019-03-25,12.27,11.98,12.27,11.97,119231243.0,1445560160.24
2019-03-26,12.1,11.97,12.16,11.88,94524692.0,1136721266.55
2019-03-27,12.11,12.25,12.34,12.05,93254807.0,1138302657.13
2019-03-28,12.18,12.09,12.18,11.97,74018342.0,892530627.33
2019-03-29,12.13,12.69,12.69,12.08,168709344.0,2108295393.93
2019-04-01,12.7,13.04,13.41,12.7,197195771.0,2588268668.87
2019-04-02,13.14,13.22,13.34,13.09,111197574.0,1466040987.09
2019-04-03,13.07,13.3,13.31,13.01,80126855.0,1056166231.53
2019-04-04,13.29,13.72,13.85,13.29,205579548.0,2796366353.31
2019-04-08,13.76,13.81,14.28,13.58,176153922.0,2464536241.47
2019-04-09,13.73,13.67,13.83,13.61,78956312.0,1080549202.28
2019-04-10,13.61,13.59,13.74,13.26,95711240.0,1289475602.49
2019-04-11,13.59,13.4,13.81,13.35,66226030.0,897382236.21
2019-04-12,13.35,13.28,13.45,13.07,78248156.0,1035139673.95
2019-04-15,13.58,13.55,13.94,13.52,155004904.0,2134708981.63
2019-04-16,13.53,14.43,14.43,13.41,240444007.0,3379550307.18
2019-04-17,14.27,14.2,14.44,14.08,101468740.0,1443493493.41
2019-04-18,14.15,14.19,14.22,13.96,51238663.0,721908800.59
2019-04-19,14.3,14.58,14.65,14.15,125916212.0,1814875936.7
2019-04-22,14.45,14.0,14.69,13.93,133620304.0,1899850004.34
2019-04-23,13.95,13.92,14.05,13.82,95059676.0,1326465625.08
2019-04-24,14.3,14.29,14.45,14.01,197026247.0,2811131027.08
2019-04-25,14.23,13.98,14.49,13.98,112318492.0,1597895217.32
2019-04-26,13.93,13.65,14.1,13.56,102005472.0,1407987365.79
2019-04-29,13.76,13.95,14.18,13.72,104155334.0,1450714134.04
2019-04-30,13.84,13.71,13.9,13.45,112833248.0,1542958577.59
2019-05-06,12.96,12.74,13.21,12.58,213088104.0,2742409411.07
2019-05-07,12.89,12.82,12.95,12.59,108395804.0,1386247078.7
2019-05-08,12.59,12.47,12.78,12.37,98572644.0,1236655982.73
2019-05-09,12.39,12.03,12.45,11.92,157355501.0,1904905488.71
2019-05-10,12.21,12.55,12.62,11.97,120496009.0,1489975624.98
2019-05-13,12.2,12.17,12.41,12.1,74973333.0,916213719.48
2019-05-14,12.07,12.36,12.62,12.03,119505596.0,1477008362.92
2019-05-15,12.45,12.79,12.97,12.44,111561818.0,1417050112.59
2019-05-16,12.8,12.72,12.85,12.65,64158963.0,816740932.12
2019-05-17,12.79,12.31,12.8,12.23,97516639.0,1208569909.79
2019-05-20,12.22,12.25,12.41,12.12,79471967.0,971222474.19
2019-05-21,12.27,12.43,12.6,12.23,73891325.0,919191240.91
2019-05-22,12.44,12.27,12.44,12.19,51156347.0,628437470.06
2019-05-23,12.11,12.16,12.29,12.01,67388024.0,817850530.32
2019-05-24,12.22,12.22,12.32,12.18,50074619.0,613106248.37
2019-05-27,12.08,12.24,12.29,11.81,105947034.0,1275632724.48
2019-05-28,12.18,12.36,12.42,12.13,88998065.0,1094063186.24
2019-05-29,12.23,12.27,12.46,12.13,67343163.0,827828661.23
2019-05-30,12.19,12.09,12.25,11.98,65309276.0,787801007.39
2019-05-31,12.03,12.05,12.27,11.98,69402924.0,839375709.99
2019-06-03,12.09,11.78,12.2,11.7,152865439.0,1816591876.76
2019-06-04,11.77,11.73,11.82,11.48,98492259.0,1147709578.08
2019-06-05,11.85,11.85,12.01,11.8,75678132.0,899331716.05
2019-06-06,11.85,11.8,11.94,11.77,43823359.0,519425127.18
2019-06-10,11.88,12.21,12.34,11.86,115672703.0,1404223620.41
2019-06-11,12.21,12.52,12.59,12.17,126426676.0,1574105212.18
2019-06-12,12.5,12.44,12.53,12.31,66423444.0,825178004.42
2019-06-13,12.41,12.46,12.55,12.3,53558341.0,666277695.76
2019-06-14,12.46,12.36,12.56,12.32,48828178.0,606815214.15
2019-06-17,12.35,12.54,12.66,12.35,62634517.0,786223580.98
2019-06-18,12.54,12.67,12.72,12.46,48864900.0,616237571.71
2019-06-19,13.15,12.93,13.25,12.87,115526940.0,1504997837.9
2019-06-20,13.03,13.66,13.8,12.98,154530033.0,2083209238.73
2019-06-21,13.62,13.5,13.73,13.44,102178062.0,1384099587.01
2019-06-24,13.55,13.55,13.69,13.47,66652094.0,904433349.29
2019-06-25,13.58,13.29,13.58,12.93,148470425.0,1954855785.93
2019-06-26,13.27,13.37,13.5,13.19,54650476.0,731207282.9
2019-06-27,13.5,13.71,13.85,13.45,92507494.0,1270042461.29
2019-06-28,13.73,13.78,13.79,13.58,49809369.0,682679970.2
2019-07-01,14.01,13.93,14.18,13.87,96063600.0,1347792874.8
2019-07-02,13.88,14.18,14.24,13.86,105274486.0,1481211353.19
2019-07-03,14.18,14.01,14.21,13.87,76907849.0,1076744400.79
2019-07-04,14.01,13.99,14.28,13.88,62129252.0,873624287.32
2019-07-05,13.95,13.92,13.98,13.69,74919609.0,1037357175.72
2019-07-08,13.82,13.59,13.88,13.45,77841390.0,1061095712.61
2019-07-09,13.63,13.59,13.71,13.44,49429611.0,670391720.57
2019-07-10,13.61,13.56,13.7,13.49,35822079.0,487071876.75
2019-07-11,13.68,13.54,13.78,13.53,48418314.0,660588299.89
2019-07-12,13.6,14.12,14.23,13.58,146536652.0,2055749881.65
2019-07-15,14.03,14.0,14.12,13.84,84128276.0,1175798104.87
2019-07-16,13.97,13.75,13.99,13.71,72278079.0,998151578.95
2019-07-17,13.7,13.69,13.81,13.61,41002063.0,561944451.84
2019-07-18,13.65,13.67,13.81,13.56,42282622.0,578067487.97
2019-07-19,13.74,13.99,14.08,13.68,86639070.0,1207316526.53
2019-07-22,13.96,13.85,14.02,13.76,58228330.0,807249426.05
2019-07-23,13.86,13.76,13.87,13.65,50400423.0,692328447.63
2019-07-24,13.87,13.88,14.01,13.79,57027622.0,793387782.2
2019-07-25,13.92,14.2,14.27,13.85,108782641.0,1534889645.77
2019-07-26,14.18,14.23,14.25,14.08,63530571.0,901074107.51
2019-07-29,14.25,14.29,14.45,14.18,71557619.0,1023261763.08
2019-07-30,14.31,14.37,14.55,14.29,79663432.0,1148582412.56
2019-07-31,14.3,14.13,14.32,14.08,63472348.0,899227865.95
2019-08-01,14.06,14.1,14.19,13.94,52798128.0,742308285.2
2019-08-02,13.77,13.74,13.88,13.66,96992646.0,1333400773.79
2019-08-05,13.6,13.35,13.64,13.27,89308242.0,1201885399.11
2019-08-06,13.1,13.37,13.46,13.03,88249913.0,1166971469.04
2019-08-07,13.49,13.54,13.64,13.37,79303899.0,1070736943.88
2019-08-08,13.9,14.38,14.5,13.85,233071504.0,3313302100.18
2019-08-09,14.55,14.52,14.85,14.43,206057513.0,3021884306.17
2019-08-12,14.61,15.12,15.12,14.6,273342547.0,4084497902.64
2019-08-13,15.0,14.89,15.08,14.74,129373644.0,1925835288.3
2019-08-14,15.14,14.97,15.22,14.8,136054654.0,2038261151.54
2019-08-15,14.64,14.94,14.96,14.6,89737626.0,1333117725.96
2019-08-16,15.09,14.9,15.14,14.78,98690293.0,1474900257.6
2019-08-19,14.91,14.92,14.94,14.52,229295613.0,3368207935.07
2019-08-20,14.92,14.99,15.2,14.77,192104150.0,2872304200.91
2019-08-21,14.87,14.45,14.89,14.38,199013195.0,2902251100.57
2019-08-22,14.4,14.31,14.45,14.2,135307158.0,1935208499.05
2019-08-23,14.37,14.65,14.74,14.35,163686768.0,2388239081.28
2019-08-26,14.42,14.25,14.5,14.15,141512254.0,2018498039.72
2019-08-27,14.36,14.31,14.48,14.24,135671337.0,1948127123.02
2019-08-28,14.26,14.27,14.28,14.05,82965768.0,1176329095.67
2019-08-29,14.22,14.13,14.24,14.08,60903434.0,861177482.39
2019-08-30,14.29,14.16,14.39,14.1,79850057.0,1136119659.76
2019-09-02,14.15,14.45,14.5,14.11,136020130.0,1955673136.9
2019-09-03,14.48,14.3,14.51,14.25,85865365.0,1230606485.03
2019-09-04,14.32,14.44,14.5,14.31,97396487.0,1404037295.8
2019-09-05,14.56,14.58,14.85,14.55,176805143.0,2599478258.91
2019-09-06,14.71,14.81,14.81,14.62,98643280.0,1451264912.65
2019-09-09,14.98,14.69,15.0,14.6,129983914.0,1918042303.91
2019-09-10,14.6,14.55,14.64,14.41,79687064.0,1155180739.29
2019-09-11,14.6,14.56,14.71,14.46,81861421.0,1192674258.6
2019-09-12,14.66,14.68,14.78,14.53,115068764.0,1682911849.78
2019-09-16,14.7,14.45,14.72,14.4,92989414.0,1349401481.22
2019-09-17,14.36,14.24,14.45,14.18,88265575.0,1261416554.29
2019-09-18,14.24,14.41,14.48,14.24,82043633.0,1179079988.02
2019-09-19,14.48,14.84,14.89,14.48,188402083.0,2777383508.48
2019-09-20,14.95,15.34,15.4,14.93,264428514.0,4020646521.95
2019-09-23,15.34,15.38,15.47,15.18,140328200.0,2148740448.83
2019-09-24,15.47,15.18,15.54,15.18,112910324.0,1726238272.95
2019-09-25,15.2,15.75,15.85,15.19,193889272.0,3024598930.57
2019-09-26,15.86,15.71,16.04,15.66,168659258.0,2673096951.23
2019-09-27,15.85,15.9,16.0,15.7,100770627.0,1598567052.2
2019-09-30,15.75,15.59,15.89,15.57,104636317.0,1645828526.9
2019-10-08,15.6,16.2,16.23,15.6,138667636.0,2225024598.59
2019-10-09,16.1,16.25,16.52,16.02,131669341.0,2145061763.15
2019-10-10,16.27,16.24,16.27,15.99,87974662.0,1418751875.78
2019-10-11,16.2,16.81,16.95,16.2,140542282.0,2335030599.25
2019-10-14,16.97,17.22,17.6,16.92,155763745.0,2688929547.26
2019-10-15,17.25,17.18,17.35,16.82,88195542.0,1503633369.49
2019-10-16,17.26,16.79,17.44,16.63,126767121.0,2146150627.26
2019-10-17,16.9,16.7,17.0,16.55,112618222.0,1887045621.02
2019-10-18,16.8,16.51,17.04,16.43,119679914.0,1999012671.73
2019-10-21,16.43,16.89,16.97,16.43,94595225.0,1589276085.98
2019-10-22,16.91,16.42,16.93,16.03,188353143.0,3072547165.97
2019-10-23,16.32,16.45,16.67,16.23,96753459.0,1590781971.78
2019-10-24,16.5,16.87,17.0,16.44,110921477.0,1861032918.48
2019-10-25,16.78,16.88,16.96,16.58,69143576.0,1161100080.0
2019-10-28,16.98,16.66,17.04,16.48,107013113.0,1780873358.26
2019-10-29,16.69,16.91,16.93,16.56,78886473.0,1322036352.42
2019-10-30,16.8,16.43,16.96,16.42,85431717.0,1420644944.87
2019-10-31,16.42,16.26,16.47,16.24,86256930.0,1407006434.79
2019-11-01,16.35,16.86,17.0,16.28,125465544.0,2096068960.59
2019-11-04,16.98,16.92,17.25,16.77,88982425.0,1507910818.55
2019-11-05,16.8,17.15,17.44,16.79,117248589.0,2010924199.94
2019-11-06,17.06,16.96,17.26,16.88,86332536.0,1470233502.73
2019-11-07,16.93,16.89,17.07,16.75,71189699.0,1200671649.42
2019-11-08,16.98,16.65,17.02,16.64,84913924.0,1421088326.15
2019-11-11,16.5,16.28,16.53,16.2,95351563.0,1556517253.18
2019-11-12,16.29,16.33,16.37,16.16,51626640.0,840769286.54
2019-11-13,16.29,16.33,16.46,16.06,65512065.0,1067975601.16
2019-11-14,16.43,16.32,16.48,16.25,46889955.0,767006342.15
2019-11-15,16.39,16.34,16.55,16.24,56922798.0,933539572.45
2019-11-18,16.35,16.45,16.55,16.23,55791841.0,915983935.55
2019-11-19,16.45,16.41,16.48,16.31,56212040.0,920998203.34
2019-11-20,16.3,15.85,16.3,15.77,172438353.0,2747598383.4
2019-11-21,15.75,15.86,15.87,15.63,77256324.0,1218516399.48
2019-11-22,15.89,15.59,15.92,15.55,77347354.0,1216064537.83
2019-11-25,15.64,15.8,15.84,15.54,78325794.0,1233388886.16
2019-11-26,15.89,15.62,15.89,15.49,81529753.0,1271594662.99
2019-11-27,15.64,15.47,15.64,15.39,47616998.0,736584294.07
2019-11-28,15.47,15.49,15.54,15.44,37801651.0,585252046.59
2019-11-29,15.54,15.29,15.55,15.18,65386691.0,1001451096.26
2019-12-02,15.35,15.36,15.43,15.23,55387738.0,849784129.41
2019-12-03,15.3,15.45,15.46,15.21,45541805.0,700293548.85
2019-12-04,15.34,15.31,15.41,15.21,52454527.0,802110334.25
2019-12-05,15.35,15.43,15.48,15.3,55708446.0,857682575.81
2019-12-06,15.47,15.6,15.72,15.46,71261524.0,1109423061.49
2019-12-09,15.62,15.41,15.62,15.35,60599289.0,935135952.74
2019-12-10,15.36,15.33,15.38,15.25,55638388.0,851377532.72
2019-12-11,15.38,15.66,15.68,15.3,87150519.0,1351786530.59
2019-12-12,15.66,15.6,15.67,15.53,47899882.0,747519511.1
2019-12-13,15.85,16.12,16.12,15.77,105310381.0,1680707282.06
2019-12-16,16.12,16.13,16.14,15.87,78795234.0,1262802471.74
2019-12-17,16.0,16.5,16.63,15.98,120310490.0,1969891323.59
2019-12-18,16.43,16.46,16.66,16.41,79709133.0,1317608543.24
2019-12-19,16.55,16.55,16.74,16.44,67553676.0,1119925969.11
2019-12-20,16.55,16.59,16.68,16.44,64447838.0,1067869779.78
2019-12-23,16.68,16.24,16.68,16.17,71579272.0,1173372080.84
2019-12-24,16.23,16.4,16.5,16.23,45912842.0,752351618.19
2019-12-25,16.45,16.3,16.56,16.24,41491798.0,679664596.67
2019-12-26,16.34,16.47,16.48,16.32,37203386.0,610381757.75
2019-12-27,16.53,16.63,16.93,16.43,104257472.0,1741473179.3
2019-12-30,16.46,16.57,16.63,16.1,97697031.0,1603152786.59
2019-12-31,16.57,16.45,16.63,16.31,70444225.0,1154704348.92
